peterselie,112
koriander,108
basilicum,90
munt,89
bieslook,76
platte peterselie,54
olijfolie,49
rucola,46
crème fraîche,42
slagroom,42
boter,40
dille,40
Parmezaanse kaas,38
knoflook,34
poedersuiker,33
zwarte olijven,30
frambozen,29
Griekse yoghurt,29
spinazie,29
olijfolie extra vierge,27
seroendeng,26
zoete chilisaus,26
suiker,25
kappertjes,25
geitenkaas,24
olie,23
mozzarella,23
melk,23
bosuitjes,23
zonnebloemolie,22
geraspte kaas,22
balsamicoazijn,22
walnoten,22
zachte geitenkaas,21
aardbeien,21
tijm,21
pittige kaas,21
amandelschaafsel,20
water,20
veldsla,20
kropsla,19
pure chocolade,19
waterkers,19
tuinerwten,19
witte kaas,19
citroen,18
chilipeper,18
pistachenoten,18
honing-mosterddressing,18
mayonaise,18
mascarpone,18
selderij,18
citroensap,18
zalmfilet,18
bosuitje,18
roomboter,18
gebakken uitjes,17
gembersiroop,17
oregano,17
tomaten,17
bloem,17
broccoli,16
rozemarijn,16
Japanse sojasaus,16
cherrytomaten,16
pijnboompitten,16
gemalen belegen kaas,15
kippenbouillon,15
Hollandse garnalen,15
cacaopoeder,15
nootmuskaat,15
kraanwater,15
sojasaus,15
cashewnoten,15
bosui,15
kokosmelk,15
paneermeel,15
zwarte olijven zonder pit,15
tuinkers,14
paprikapoeder,14
limoen,14
balsamicodressing,14
rozijnen,14
Grana Padano,14
geraspte belegen kaas,14
extra vierge olijfolie,14
rucolasla,14
ketjap manis,14
arachideolie,14
ricotta,14
droge witte wijn,14
oude kaas,13
gezouten pinda's,13
sesamzaad,13
taugé,13
tortillachips,13
Pecorino Romano,13
brood,13
zure room,13
grof zeezout,13
ei,13
zeezout,13
blauwaderkaas,13
knoflooksaus,13
honing,13
stokbrood,13
vloeibare honing,12
rode peper,12
lasagnebladen,12
yoghurt,12
roomkaas,12
blauwe bessen,12
geraspte jonge kaas,12
appel,12
ijsbergsla,12
kabeljauwfilet,12
ongezouten cashewnoten,12
kroepoek,11
geraspte pittige kaas,11
yoghurtdressing,11
witte kaasblokjes,11
grove mosterd,11
belegen kaas,11
gezouten cashewnoten,11
groene olijven,11
piccalilly,11
bleekselderij,11
slagroomijs,11
sesamolie,11
kipfilet,11
mosterd,11
kookroom,11
gemalen kokos,11
gerookte kipfilet,11
salie,10
pecannoten,10
geraspte oude kaas,10
courgette,10
witte basterdsuiker,10
Italiaanse kruiden,10
komkommer,10
kaneel,10
eikenbladslamelange,10
vissaus,10
atjar tjampoer,10
aardappelpuree,10
gemalen jonge kaas,10
gedroogde tijm,10
gorgonzola,10
ketchup,10
granaatappelpitjes,10
ontbijtspek,9
sambal oelek,9
ongezouten pinda's,9
halfvolle melk,9
sladressing naturel,9
koude boter,9
peen julienne,9
roomijs,9
gerookt ontbijtspek,9
linzen,9
azijn,9
groene pesto,9
rietsuiker,9
rode paprika,9
gemalen oude kaas,9
kikkererwten,9
garneeramandelen,9
tabasco,9
ananasstukjes,9
sladressing balsamico,9
rode ui,9
geraspte Parmezaanse kaas,9
zout,9
vleesfond,9
kaneelpoeder,9
zelfrijzend bakmeel,8
tomatenblokjes,8
soepstengels,8
bladerdeeg,8
kookroom light,8
achterham,8
karnemelk,8
mierikswortel,8
geroosterde sesamzaadjes,8
rucola slamelange,8
hazelnoten,8
mangochutney,8
radijs,8
limoensap,8
appelstroop,8
rivierkreeftjes,8
amandelen,8
ijsklontjes,8
gemalen komijn,8
volkorenbrood,8
gerookte kipreepjes,8
roze garnalen,8
vanilleroomijs,8
sinaasappel,8
cheddar,8
mihoen,7
hüttenkäse,7
gemalen kaneel,7
volle melk,7
geitenkaas naturel 55+,7
winterpeen,7
sperziebonen,7
rode wijn,7
olijfolie frisse citroen,7
kerriepoeder,7
pompoenpitten,7
satésaus,7
roomboterbladerdeeg,7
gemalen kaas,7
sesamzaadjes,7
olie om in te vetten,7
pesto,7
jumbogarnalen,7
roomkaas met kruiden,7
fruits de mer,7
gember,7
blanke rozijnen,7
cayennepeper,7
geleisuiker,7
gedroogde dragon,7
aardappelschijfjes,7
gesneden andijvie,7
gerookte zalmfilet,7
prosecco,7
ijsblokjes,7
naanbrood,7
tacosaus mild,7
pancetta,7
lange vingers,7
rodewijnazijn,7
tonijnsteaks,7
maizena,7
ciabatta,7
witte chocolade,7
tomatenketchup,7
kruidenboter,7
gemengde sla,7
gerookte zalmsnippers,7
roquefort,7
witte wijn,7
volle yoghurt,7
gemalen oude kaas 48+,7
gerookte makreelfilet,7
pinda's,7
andijvie,7
panko,7
cognac,7
eieren,7
boter om in te vetten,6
radijsjes,6
sinaasappelmarmelade,6
bramen,6
cranberry's,6
geitenkaas naturel 45+,6
cherrytomaten aan de tak,6
paksoi,6
kaas,6
ananas,6
cherry tomaten,6
appels,6
bruinbrood,6
slasaus,6
maanzaad,6
gedroogde cranberry's,6
ahornsiroop,6
beenham,6
Dijon mosterd,6
krenten,6
gemalen komijn djinten,6
filodeeg,6
alfalfa,6
chilisaus,6
sriracha sauce,6
ansjovisfilets,6
witte rijst,6
Pecorino Romano kaas,6
tijmblaadjes,6
katenspek,6
doperwten,6
rucolaslamelange,6
bloem om te bestuiven,6
peper,6
witte bonen,6
shoarmabroodjes,6
oestersaus,6
romaatjes,6
geraspte jong belegen kaas,6
tagliatelle,6
geroosterde pijnboompitten,6
Caesar dressing,6
woksaus,6
cranberrycompote,6
kokos,6
zuivelspread,6
gedroogde oregano,6
parmaham,6
abrikozenjam,6
zongedroogde tomaten in olie,6
sladressing yoghurt,6
pesto alla genovese,5
geroosterde paprika,5
magere kwark,5
room culinair,5
croutons,5
bakpoeder,5
rode port,5
witlof,5
witte-wijnazijn,5
Chinese kool,5
sjalot,5
boter of margarine om in te vetten,5
roombrie,5
tortillawraps,5
lemon curd,5
wodka,5
tomatenpuree,5
sambal,5
pindakaas,5
babyromainesla,5
semi-zongedroogde tomaten,5
garnalen,5
salade kaasblokjes,5
uien,5
geraspte kokos,5
bananen,5
serranoham,5
ui,5
geslagen room,5
rosbief,5
frituurolie,5
gedroogde rozemarijn,5
feta,5
zwarte peper,5
vanilleijs,5
pizzakaas,5
witbrood,5
pesto alla Genovese,5
basilicumblaadjes,5
zwart sesamzaad,5
tomaat,5
botersla,5
gedroogde Italiaanse kruiden,5
hummus,5
vanillekwark,5
gerookte zalm,5
cherrytomaatjes,5
bruine basterdsuiker,5
gemalen kardemom,5
Taggia-olijven,5
jonge kaas,5
citroenen,5
vanillevla,5
chilipoeder,5
sambal badjak,5
maiskorrels,5
allesbinder,5
groentebouillon,5
Griekse yoghurt 0% vet,5
sinaasappellikeur,5
kersen,5
veldslamelange,5
milde yoghurt,5
sour cream,5
avocado,5
kervel,5
rucolacress,5
wraptortilla's,5
bakbacon,5
ketjap,5
zeekraal,5
karwijzaad,5
wasabi,4
warmgerookte zalmsteak,4
snijbiet,4
scherpe mosterd,4
chocolade,4
rode-wijnazijn,4
sla,4
tortilla,4
sinaasappelsap,4
gebroken sperziebonen,4
krieltjes,4
tonijnsteak,4
geroosterde amandelen,4
basmatirijst,4
broccoliroosjes,4
schouderham,4
sladressing bieslook,4
panklare spinazie,4
cocktailsaus,4
tuinbonen,4
truffelolie,4
Thousand Island dressing,4
champignons,4
geraspte Parrano,4
jong belegen kaas,4
kaassaus,4
gedroogde abrikozen,4
Zaanse mosterd,4
perziken,4
kletskoppen,4
gedroogde tomaten,4
gegrilde rode paprika,4
kipdrumsticks,4
chilivlokken,4
aardappelen,4
aardappel,4
melkchocolade,4
vinaigrette,4
chorizoworst,4
rode pesto,4
groene olijven zonder pit,4
vissticks,4
Parmaham,4
tomatensaus,4
blanke vla,4
sladressing knoflook,4
kaneelstokje,4
pangasiusfilet,4
biefstukken,4
raapstelen,4
rijst,4
dijonmosterd,4
gegrilde paprika's,4
rookworst,4
mango,4
aubergine,4
zongedroogde tomaat,4
gedroogde kruiden,4
kippenbouillontablet,4
Taggia olijven,4
Franse mosterd,4
gerookte amandelen,4
gepelde tomaten,4
trostomaten,4
vanillesuiker,4
crema di balsamico,4
fijngesneden andijvie,4
Chinese roerbakmix,4
aardappelpuree met boter,4
Chinese eiermie,4
heet water,4
naanbrood knoflook koriander,4
gerookte eendenborstfilet,4
lamskoteletjes,4
tonijn,4
groentebouillontablet,4
roze zalm,4
speltbrood,4
rauwe ham,4
tomatensap,4
cocktailgarnalen,4
cava,4
mini-mozzarellabolletjes,4
koolvisfilet,4
grano padano,4
ribkarbonades,4
gemalen belegen kaas 48+,4
uitgebakken spekreepjes,4
roomkaas naturel,4
geraspte gruyère,4
bitterkoekjes,4
Parmigiano Reggiano-flakes,4
jonge kapucijners,4
wittewijnazijn,4
oven roasted amandelen,4
rode bessen,4
gezeefde tomaten,4
bruine bonen,4
spaghetti,4
paprikamix,4
witte wijnazijn,4
poedersuiker om te bestuiven,4
Amsterdamse uien,4
olijfolie met truffelaroma,4
tortillachips naturel,4
aardappelpuree à la minute,4
aardappelpartjes,4
kalkoen,4
Gorgonzola,4
rode kleurstof,4
gemalen belegen kaas 30+,4
slamelange,4
couscous,4
Danish blue,4
roomkaas kruiden,4
prei,4
magere yoghurt,4
lichtbruine basterdsuiker,4
donkere basterdsuiker,3
Brabants roggebrood,3
sladressing blue cheese,3
koolzuurhoudend water,3
Japanse teriyakisaus,3
gerookte forelfilet,3
walnootolie,3
extra vergine olijfolie,3
augurk,3
haricots verts,3
gebraden fricandeau,3
groene aspergetips,3
olijfolie extra vergine,3
lasagnevellen,3
espressokoffie,3
fijne kristalsuiker,3
gnocchi,3
"Grana Padano, snippers",3
grapefruit,3
salade-ui,3
visbouillon,3
appelmoes,3
koud water,3
wilde spinazie,3
witte druiven,3
zilveren parels,3
versgemalen zwarte peper,3
venkelknol,3
vanille-ijs,3
milde olijfolie,3
geraspte geitenkaas,3
oosterse wokgroente,3
witte rum,3
gerookte zalmblokjes,3
spruitjes,3
tapenade van zongedroogde tomaten,3
cantuccini,3
Thaise roerbakmix,3
gerookte kipfiletreepjes,3
burrata,3
bloemenhoning,3
hele kip,3
kruidnagel,3
zilveruitjes,3
runderrookvlees,3
flageolets,3
dragon,3
augurken,3
snijbonen,3
tomato frito,3
tartaartje,3
knoflookbieslook,3
vanillestokje,3
wrap sauce,3
wortelsap,3
gele paprika,3
crispy mais,3
krulslamelange,3
banaan,3
flinterdun gesneden kipfilet,3
zongedroogde tomaten,3
versgemalen peper,3
mangostukjes,3
surimisticks,3
olie om te frituren,3
gesneden witte kool,3
tzatziki,3
Hollandse geitenkaas,3
hamblokjes,3
sterke koffie,3
wasabibol,3
gnocchi di patate,3
diksap appel,3
pittige kiemgroente,3
pappadum naturel,3
vleesbouillon,3
wilde zalmfilet,3
stemgember,3
cocktailworstjes,3
bier,3
kersenjam,3
geleisuiker speciaal,3
"geitenkaas, Bettine Blanc 58+",3
chilipeper uit de molen,3
rundergehakt,3
wok essentials,3
boerenkool,3
zalmfilets,3
Thaise vissaus,3
crème fraîche light,3
broccocress,3
Parmigiano Reggiano,3
peultjes,3
zongerijpte Taggia-olijven,3
kleurstofstift,3
sherry,3
mousserende witte wijn,3
naanbrood naturel,3
roggebrood,3
sladressing caesar,3
artisjokharten,3
norivel,3
zwarte peperkorrels,3
gemalen nootmuskaat,3
schelvisfilet,3
gemalen koriander ketoembar,3
kleine zoetzure augurken,3
Griekse feta,3
maggi aroma,3
marsala,3
meergranen tortillawrap,3
mango's,3
little gem,3
veldsla met bietjes,3
gedroogde salie,3
citroensorbetijs,3
gepelde pistachenootjes,3
salsasaus mild,3
walnotenolie,3
Thousand Islands sladressing,3
paddenstoelenmelange,3
galiameloen,3
babyspinazie,3
ketjap asin,3
geraspte bietjes,3
limoenen,3
gepelde pistachenoten,3
hamreepjes,3
jonge bladsla,3
chiazaad,3
geraspte mierikswortel,3
beschuit,3
hangop,3
Grana Padano kaas,3
rijstazijn,3
brie,3
warmgerookte zalmstukken,3
zeezoutvlokken,3
Hollandse,3
tilapiafilet,3
sambal manis,3
kipdijfilet,3
spitskool,3
minibolletjes mozzarella,3
laurierblaadje,3
Goudse kaas,3
gebraden beenham,3
bosbessen,3
ravigottesaus,3
lychees,3
moedermelk of opvolgmelk,3
sriracha,3
vastkokende aardappel,3
zuivelspread light bieslook,3
gerookte makreel,3
zomerfruit,3
lichte sojasaus,3
babyboerenkool,3
sugo pastasaus pikant,3
gemberpoeder djahé,3
katjang pedis,3
gemalen pittige kaas,3
kruiden,3
pappardelle,3
pittige rucola,3
sjalotten,3
pure chocolade 70%,3
caesardressing,3
sla compleet Italiaans,3
grofgeraspte pittige kaas,3
ribeyes,3
witte balsamicoazijn,3
witte peper,3
sesammix,3
lamskotelet,3
salsa mild,3
gordita,3
appelsap,3
1 minuut basmatirijst,3
woksaus sweet sour,3
broodjes,3
sugarsnaps,3
varkensfiletlapjes,3
paaseitjes,3
pompoen,3
groene knoflookolijven,3
knoflookdressing,3
port salut,3
ongezouten pistachenoten,3
Amelander Verse sladressing,3
Italiaanse kruidenmix,3
kipkluifjes,3
gerookte spekblokjes,3
pecorino,3
olijfolie extra vierge met basilicum,3
Cheddar Tophat 48+,3
chocolademousse,3
rauwkost Amsterdamse-uimix,3
Marsala,3
vers bladerdeeg,3
sardinefilets,3
gedroogde dille,3
pasteibakjes,3
wokolie,2
fricandeau,2
dadels zonder pit,2
gedroogde vijgen,2
rum,2
rode uien,2
Italiaanse mix voor in de sla,2
augurkenblokjes,2
ciappe,2
mangosorbetijs,2
Chinees vijfkruidenpoeder,2
lichtbelegen kaas,2
zongedroogde tomaten op olie,2
camembert,2
puree à la minute,2
knoflookpuree,2
muntblaadjes,2
zout en peper,2
amaretti,2
mais,2
chorizo,2
donker volkorenbrood,2
zoete ui,2
mosterdzaad,2
pruimen,2
gegrilde achterham,2
wokmix Italiaans,2
witte vermout,2
gekookte mosselen,2
aioli,2
wortels,2
schenkjus,2
mosselen,2
geraspte Goudse belegen kaas 48+,2
extra pure chocolade 72%,2
Bleu d'Auvergne,2
tonijn in olie,2
cambozola,2
appelcompote,2
roerbakolie,2
medium dry sherry,2
bloemtortilla,2
scharrelkip,2
chocoladekogels,2
meergranen stokbrood,2
augurk zoetzuur,2
pomodorini,2
Turkse knoflooksaus,2
margarine,2
kokosolie,2
bietensap,2
Parmigiano Reggiano flakes,2
frambozenjam,2
Prosciutto di Parma,2
chocoladesticks,2
extra pure chocolade,2
peppadew pepers,2
saus voor asperges,2
tzatzikisalade,2
kidneybonen,2
crispy maiskorrels,2
pandanrijst,2
romatomaten,2
woksaus oyster garlic,2
scholfilet,2
sojabonen,2
finesse voor verrijken,2
zoutvlokken,2
bloemkoolrijst,2
rode zalm,2
rundersoepballetjes,2
Maldon zeezout,2
guacamole,2
havermout,2
bronwater,2
advocaat,2
wortel,2
geraspte belegen 30+ kaas,2
vleesjus,2
Italian flakes,2
gekookte rode biet,2
zalm,2
penne,2
aardappelzetmeel,2
koek- en speculaaskruiden,2
venkelzaad,2
meergranenrijst,2
mini augurk,2
mandarijn,2
romainesla,2
jenever,2
garam masala,2
vegetarische worstjes,2
olijven zonder pit,2
tomatentapenade,2
schenkstroop,2
ijskoude boter,2
curry,2
muesli,2
kastanjechampignons,2
tonijn in olijfolie,2
pistolets,2
witte chocoladevlokken,2
rundervinken,2
nori snack,2
pastinaak,2
kipgehakt gekruid,2
kabeljauwhaasje,2
Frankfurters,2
plantaardige margarine,2
griesmeel,2
ananassap,2
wilde zalm,2
komkommers,2
rocket slamelange,2
Hollandse roerbakmix,2
groentecrisps,2
gekookte bieten,2
rauwkost pittige radijsmix,2
vleestomaat,2
pikante paprikapoeder,2
Zeeuws spek,2
truffelmayonaise,2
sint-jakobsschelpen,2
gepelde ongezouten pistachenootjes,2
wortelrauwkost,2
chocolade extra puur 72%,2
ijsgarnalen,2
citroengras,2
puntpaprika,2
tabasco chipotle pepper sauce,2
maïskorrels,2
cremaceto classico,2
flinterdun gesneden rauwe ham,2
aceto balsamico di Modena,2
Crema per Tiramisù,2
bruin stokbrood,2
dijonnaise,2
harissa,2
friszure appel,2
groenteballetjes,2
gevogeltefond,2
gebraden kipfilet,2
sla compleet Toscane,2
kaneelijs,2
custardpoeder,2
snoeppaprika,2
oud witbrood,2
gemengde rode vruchten,2
gemberpoeder,2
ciderazijn,2
roodbaarsfilets,2
gedroogde tomaten op olie,2
gemarineerde varkensfiletlapjes à la minute,2
Parmigiano Reggiano-poeder,2
laurierblaadjes,2
lamsrack,2
buffelmozzarella,2
krokante muesli,2
Gelderse rookworst,2
notenmelange,2
bouillonpoeder,2
pikante hummus,2
royale rozijnen uit chili,2
rol vers bladerdeeg,2
pure chocolade 72%,2
tilapia,2
pittige mosterd,2
seabob garnalen,2
spekreepjes,2
zuivelspread bieslook light,2
filetlapjes à la minute,2
soja cuisine,2
koksroom,2
mini-mozzarella,2
gemberwortel,2
cassave kroepoek,2
elitehaver,2
gesneden spitskool,2
casinobrood,2
Indiase currysaus,2
volle kwark,2
pastrami,2
eieren M,2
ham,2
blanke amandelen,2
original caesardressing,2
gedroogde pruimen,2
pappadums naturel,2
magere spekreepjes,2
troebel appelsap,2
magere melk,2
olijfolie extra vierge met knoflook en chilipeper,2
Italiaanse mix,2
acaciahoning,2
macaroni,2
runderbouillon,2
gemengde ijsbergsla,2
entrecote,2
spaghetti all'uovo,2
bastognekoeken,2
pekelvlees,2
witte pitloze druiven,2
biefstuk,2
vermicelli,2
taleggio,2
ijs,2
mini frites,2
Parmigiano Reggiano 32+,2
pan tostado,2
appelciderazijn,2
slasaus met yoghurt,2
volkoren soepstengels,2
geitenkaas 50+,2
aardappelmeel,2
woksaus ginger garlic,2
haringen,2
kropje babyromainesla,2
Italiaanse,2
kerriesaus,2
ginger ale,2
exotic sauce,2
kant-en-klare satésaus,2
gedroogde munt,2
Campofrio Jamón Serrano,2
saffraan,2
runderreepjes,2
Madeira,2
gormas 70+,2
ravioli met 5 kazen,2
zoete puntpaprika,2
extra milde yoghurt,2
kippenbouillon van tablet,2
yoghurtdressing bieslook,2
tofu,2
trostomaat,2
zoetzure augurk,2
zachte zilveren parels,2
petit beurre brood,2
Yorkham,2
slamelange landkers,2
extra belegen kaas,2
dessertwijn,2
milde kiemgroente,2
geraspte jonge Goudse kaas,2
witte gelatine,2
Ardennerham,2
pastasaus basilicum,2
ciabattina's,2
blank sesamzaad,2
olijfolie mild,2
hete kippenbouillon,2
risottorijst,2
grove Zaanse mosterd,2
speculaasje,2
teriyakisaus,2
tapenade,2
grofgemalen zwarte peper,2
zilverpillen,2
Chinese,2
korianderblaadjes,2
boter of margarine,2
warmgerookte zalmflakes,2
bladspinazie,2
meergranenbol,2
gekookte gamba's,2
runderbouillontablet,2
ijsbergsla met tuinkruiden,2
basterdsuiker,2
groene groentemix stoomgroente,2
geschilde bospeen,2
verse rode pesto,2
Jambon d'Ardenne,2
tortilla chips,2
amandelen dry roasted,2
lamsracks,2
komijnekaas,2
houmous,2
Pecorino,2
walnotenijs,2
Kanelly's,2
eiernoedels,2
bruine bolletjes,2
aspergebroccoli,2
saus,2
schrijfstiften,2
fleur de sel,2
extra fijne tuinerwten,2
tempuramix,2
rundvlees jus,2
ambachtelijk gerookt ontbijtspek,2
Hollandse snijbonen,2
gemalen kardemomfruit,2
roerbaksaus,2
marshmallows,2
pitloze rode druiven,2
visfond,2
relish augurk,2
salademix,2
chocoladeblaadje,2
hoisinsaus,2
zalmsnippers,2
penne rigate,2
oude geitenkaas,2
Surinaamse roti,2
minismarties,2
tastytomtomaten,2
Thaise,2
champagne,2
noedels,2
minimozzarellabolletjes,2
chocoladevlokken,2
bearnaisesaus,2
salami,2
pindasaus,2
gemengde zeevruchten,2
rookvlees,2
rode grapefruit,2
Chinese groentemix,2
drumsticks,2
hamburger,2
volkoren penne,2
witte bonen in tomatensaus,2
shii-takes,2
watermeloen,2
eikenbladsla,2
sinaasappel-peperdressing,2
witte puntjes,2
deeg voor hartige taart,2
haring in milde roomsaus,2
pestospread,2
Hollandsegarnalen,2
augurkenplakjes,2
chipolataworstje,2
gemalen Goudse kaas,2
Griekse yoghurt 0%,2
gesneden rodekool,2
Amsterdamse,2
Cheddar Tophat,2
reuzengarnalen,2
gegrilde paprika,2
zachte noodles,2
wit-casinobrood,2
kalamata olijven,2
appeldiksap,2
frituurvet,2
gelatine,2
panklare andijvie,2
bruin casinobrood,2
schenkhoning,2
gemengde eikenbladsla,2
jus naturel,2
lekkerbekjes,2
harde geitenkaas,2
gegrilde yorkhamreepjes,2
groentebouillontabletten,2
kristalsuiker,2
chocolate chip cookies,2
basilicumdressing,2
tapenade van zwarte olijven,2
kokoschips,2
gezouten macadamianoten,2
stoneleeks,2
Regato 40+ kaas,2
roomkaas met bieslook,2
zoetzure augurken,2
wok rolls,2
Tasty Tom tomaten,2
bacon,2
zonnebloempitten,2
crema all' aceto balsamico di Modena,2
pastasaus,2
noodles,2
runderchipolata,2
struisvogelbiefstukjes,2
passievruchten,2
rauwkost komkommer,2
piadina,2
tropische fruitsalade,2
rauwkost,2
vleestomaten,2
karamelschenkstroop,2
bruschetta tomaatsalade,2
voorgebakken Boulogne stokbrood,2
nectarines,2
pesto rosso,2
malagaroomijs,2
zongedroogde tomaatjes,2
stukjes cashewnoot,2
pastasaus met mascarpone,2
kokend water,2
varkensfricandeau,2
toast,2
oesterzwammen,2
zuivelspread light,2
zwarte bonensaus,2
salieblaadjes,2
magere rookworst,2
rodekool,2
mokkaboontjes,2
bladpeterselie,2
roomijs vanille,2
zeewolffilet,2
groene paprika,2
gedroogd chilipepertje,2
semi zongedroogde tomaten,2
Coburger ham,2
bruine pistoletjes,2
grote tortillawrap,2
ravioli rossi,1
roodbaarsfilet,1
vanillepudding,1
gesneden Chinese kool,1
olijfolie om te frituren,1
kaneelstengel,1
sojasaus minder zout,1
friséesla,1
andalousesaus,1
roerbakgroentemix,1
kruidenmix,1
mosselvlees,1
ciabattabroden,1
cuisine knoflook fijne kruiden,1
espressopoeder,1
volkoren bolletjes,1
campagnard brood,1
olijfolie met knoflookaroma en chilipeper,1
mini naan koriander/knoflook,1
zongedroogde tomatenmix,1
kabeljauwburgers,1
kerrie,1
yogonaise,1
vinaigrette de dyon,1
cheesecake ijs,1
pitloze witte druiven,1
aardbeienjam,1
powerfruit pomegranate en raspberry,1
courgettes,1
Indonesische kroepoek,1
gehaktballen,1
madeira,1
panklare wilde spinazie,1
slamelange rode biet,1
koekkruimels,1
champagnesorbetijs*,1
stracciatella-ijs,1
Ron­de­lé fro­ma­ge de chè­vre,1
koenjit,1
funghi porcini pastasaus,1
lamsoor,1
Gammon ham,1
tendre bûche geitenkaas,1
Zaanse dressing,1
woksaus teriyaki-honing,1
meergranenstokbrood,1
limoendressing,1
peperkorrels,1
pan de ajo,1
gekookte quinoa-bulgur,1
bessenjenever,1
kippenvleugels,1
passata di pomodoro,1
gegrilde-groentemix,1
vijgen,1
stoomgroenten broccoli-rode ui-paprika,1
teriyaki woksaus,1
paprika zoetzuur,1
stokbrood artisanale wit,1
granaatappel vinaigrette*,1
vegaballetjes,1
pure chocolade aardbei balsamico,1
zachte woknoodles,1
jeneverbessen,1
boemboe voor nasi goreng,1
hazenrugfilet,1
rigatoni,1
Thaise groentemix,1
kappertjes groot,1
witte kaasblokjes in kruidenolie,1
mortadella vleeswaren,1
Griekse olijfolie,1
tofu roerbak fijngekruid,1
hagelpret,1
sundried tomatosauce,1
lemon pepper,1
ingemaakte groene pepers,1
oesters,1
yellow fin sole,1
pata negra,1
udon thick noodles,1
ansjovisfilets in olie,1
Spa lemon cactus,1
doperwtjes,1
5 kruidenpoeder,1
ultradunne crackers,1
Xtra grote hagel melk,1
mininaans knoflook koriander,1
graatloze gerookte makreelfilet,1
aardappelpuree met crème fraîche,1
boerensoepgroente,1
bladerdeeg vers,1
mix voor nasi,1
gormas,1
filet americain,1
geraspte Goudse kaas,1
steranijs,1
boerenbruin sesambrood,1
roomkaas knoflook fijne kruiden,1
gerookte-paprikapoeder zoet,1
aardappelpuree à la minute naturel,1
Belgische frites,1
augurkplakjes,1
zeer fijne tafelsuiker,1
slagersleverworst,1
ui-knoflook croutons,1
kippenpoten,1
koelverse tropische fruitsalade,1
Ben Jerry's Cookie dough ijs,1
zwarte olijventapenade,1
cupcakemarsepein,1
geraspte pastakaas,1
shasliksaus,1
tuinerwten fijn,1
rauwkost komkommermix,1
aalbessen,1
Vlaamse friet,1
hummus pikant,1
groentespread pompoen,1
yoghurt saladedressing,1
bruine fijne kandijsuiker,1
Porchetta,1
Thaise vissaus Nuac Nam,1
gegrilde courgette,1
tonijn op water,1
Groninger,1
gekookt mosselvlees,1
Tikka Masala roerbaksaus,1
jongbelegen kaas,1
geraspte kaas pittig 45+,1
kant-en-klare pannenkoeken,1
gekookt water,1
Gorgonzola kaas,1
eetrijpe avocado,1
casselerrib,1
mantelschelpen,1
roomboter appeltaartje,1
Italiaanse vleeswaren,1
gewelde tutti frutti,1
hagelslag,1
gedroogde peulvruchten,1
vanille roomijs,1
saladepijnboompitten,1
handperen,1
korianderpesto,1
gerookte zalmfilets,1
groene peper,1
geraspte jong belegen Zaanlander kaas 48+,1
luchtig ragoutbakje in kerstboomvorm,1
petits chevres doux 45+,1
jonagold appels,1
schouderkarbonade,1
sinas,1
voorgebakken boulogne stokbrood,1
milde paprikapoeder,1
tagliatelle alle erbe,1
snoeptomatenmix,1
crostini,1
djinten gemalen komijn,1
eiwit,1
Campari,1
slacroutons knoflook,1
crème fraîche schenkbaar,1
perzik,1
gemalen mosterdzaad,1
snoepjes,1
venkelrauwkost,1
"zongedroogde tomaten op olie, heel fijngesneden",1
slaolie,1
gamba's,1
geraspte Zwitserse gruyère kaas,1
mals wildzwijngebraad met stoofpeertjes,1
mosterdcress,1
miniwrap,1
straight to wok noodles,1
gezouten boter,1
grofgesneden wokgroenten,1
kipfilethaasjes,1
volle rode wijn,1
vijgenspread,1
vloeibare boter,1
kipfilet à la minute,1
Mexico melange,1
salsa ai 4 formaggi,1
paprika-courgettesoep,1
pastasaus vers napolitana,1
romaatjes kleine tomaatjes,1
kleine krieltjes,1
pure chocolade 72% cacao,1
rauwkost komkommersalade,1
abrikoos,1
vruchten- en notenmuesli,1
extra pure hagelslag,1
pastasaus tomaat en mascarpone,1
Röstister,1
perziken op lichte siroop,1
slankie fris romig tuinkruiden,1
gemalen kruidnagel,1
Toscaanse worstjes,1
krabstukken,1
Goudse jonge kaas,1
After Eight-chocolaatjes,1
zoute pinda's,1
braadkip,1
fourme d'ambert,1
naanbrood met knoflook en koriander,1
groene kruiden,1
meringuette karamel,1
kardemom,1
super croissantdeeg,1
boeren streekham,1
worcestershire sauce,1
friszoete appel,1
kaneelkoekjes,1
groene olijven in plakjes,1
zoute haringen,1
appel/cranberrysap,1
kormasaus,1
sweet chilisaus,1
bol mozarella,1
boerenkool deelblokjes diepvries,1
magere schapenkaas,1
frisdrank wild orange,1
"ei, gekookt",1
bitterkoekjesijs,1
sla met tuinkruiden,1
extra vergine olijfolie Gran Fruttato,1
mix voor romige tagliatelle,1
colombo kruiden,1
meloensalade,1
mix voor American pancakes,1
chocoladekoekjes,1
paashagel,1
brandewijn slijter,1
zoete sojasaus,1
Galliaham,1
basilicumplant,1
koekkruiden,1
notenrijst,1
Thaise groene currypasta,1
vers fruit,1
zachte,1
soepgroente,1
gebonden jus naturel,1
chavroux frais nature 45+,1
mango slices,1
geklopte slagroom,1
gemalen gember,1
baking soda,1
verwenfruit,1
zoetzure augurk extra fijn,1
mokkaboontjes puur,1
eendenborstfilets,1
avocadodipsaus,1
ghee,1
schapenkaas,1
maiskorrels crispy,1
cupcake marsepein,1
kwartet van gerookte vis*,1
kipburgers,1
Javaanse pindasatésaus,1
zachte witte bolletjes,1
roomijs pecan-karamel,1
sliptongen,1
spinazie à la crème,1
Cheddar 48+,1
ongezouten boter,1
diksap appel-blauwe bes,1
kippenbouten,1
zoete uien,1
zoete puntpaprika's,1
worteltjes en doperwten,1
volkoren desembrood,1
wokgroente,1
jus uitjes,1
panklare spruitjes,1
kaasblokjes 10%,1
mandarijnschil,1
vloerbrood,1
gekookte witte rijst,1
soft taco dinnerkit,1
geraspte chedderkaas,1
"cremaceto classico, 55% balsam",1
fusilli,1
pain de Bastille,1
gemalen komijnzaad djinten,1
courgettespaghetti,1
bruine suiker,1
visschnitzels,1
gemengde ijsbergsla met frisée,1
Tequila,1
citroenpeper,1
"bak- en gourmetgroentepakket of 75 g champignons in plakjes, 1/2 rode paprika in stukjes en 1 gesnipperde rode ui",1
Gazpacho soep,1
Hollandse bruine bonen,1
biogarde stand,1
Oosterse roerbakolie,1
aardappelkroketjes,1
eidooiers,1
walnotenstokbrood ciabatta con noci,1
Quornstukjes,1
wasabimayonaise,1
takjes munt,1
speklapjes a la minute,1
Veluwse fijne rookworst,1
suikerpeultjes,1
gerookte haringfilet,1
ovenfrites,1
gin,1
half-om-halfgehakt,1
Grano Padano kaas,1
bieslooksladressing,1
hertenfilet,1
zeeschnitzels,1
vispaté zalm,1
naanbrood koriander knoflook,1
zeebaars,1
cashewnoten ongezouten,1
anijsdrank,1
aspergetips,1
amandelkransjes,1
ciabattina,1
custard,1
geroosterde paprika's,1
tasty tom tomaten,1
grote shoarmabroodjes,1
Vietnamese sambalsaus,1
aardappelgnocchi,1
Dijonnaise,1
casselerrib met pesto,1
ijskoud witbier,1
koffielikeur,1
ongeschilde appel,1
wrap,1
bold beefy bbq-saus,1
tastytom-trostomaten,1
geraspte Gruyère,1
chorizo pamplona,1
kibbeling,1
crème fraîche light Franse kruiden,1
vruchtenmousse,1
char siu saus,1
slagroom uit spuitbus,1
al-andalus,1
melkwitte bakkerspunt,1
roze muisjes,1
salade croutons knoflooksmaak,1
kalkoenschnitzel,1
Toscaanse aardappelpartjes,1
Groene olijven bella cerignola,1
chocoladevla,1
preien,1
Valess mediterraan,1
rucola-sla,1
Spa fruit tropisch fruit,1
torpedo shrimps,1
zwarte olijven in plakjes,1
mini-buffelmozzarella,1
kwartelei,1
perzikmousse,1
abrikozen,1
yoghurt Griekse stijl 0% vet,1
geroosterd sesamzaad,1
rozenlikeur,1
olijfolie om te bestrijken,1
shoarmavlees,1
volkorenbroodje,1
krulpeterselie,1
eendenhaasje,1
mini marshmellows,1
pastaschelpjes,1
portobello,1
vanillearoma,1
Spaanse tijmhoning,1
gemengde vlokken,1
ijswafeltjes,1
gedroogde chilipeper,1
gedroogde chilipeper uit molentje,1
kipfilets,1
whisky slijter,1
tahini,1
Maestrichter fruitstroop,1
Italiaanse bol,1
rauwkost bietjes,1
pestovinaigrette,1
MonChou verse roomkaas,1
moesappel,1
mix wok sauce oester knoflook,1
geraspte kaas voor ovengratin,1
witbier,1
kokosstukjes,1
geraspte emmentaler kaas,1
filobladerdeeg,1
kokosmakroon,1
tortillawrap,1
korma currypasta,1
blue d'auvergne 50+,1
sorbetijs citroen,1
geraspte citroenschil,1
cocktailsaus met Schotse wisky,1
bloemkool- en broccoliroosjes,1
tofu roerbakgehakt,1
studentenhaver,1
bieslookpesto,1
gerookte makreelfilet met peper,1
cervelaatworst,1
pastagroente,1
groene peperkorrels,1
Catalaanse worstjes,1
klopfix,1
yoghurtdressing met kruiden,1
amandelen karamel-zeezout,1
rode appels,1
halfvolle yoghurt,1
pancettasaus,1
vacherin mont d'or,1
Italiaanse wokmix met broccoli,1
rundertartaartjes,1
worteltjes,1
geroosterde sesamolie,1
Italiaanse groentemix,1
4 formaggi saus,1
puree a la minute naturel,1
crispy maïskorrels,1
rode bieten met ui,1
soja-gemberdressing,1
Crème de Cassis,1
hagelslag puur,1
pastakaas,1
bechamelsaus,1
vanille fudge,1
Italiaanse vleeswarenschotel,1
voorgebakken Frans stokbrood,1
Sallands zonnepit meergranenbrood,1
AH basis groentesaus courgette-doperwten,1
"chocolade kruidnoten wit, melk en puur",1
Italiaanse stoomgroentemix,1
hamreepjes julienne,1
geraspte cheddar,1
bockbier,1
chocoladeroomijs,1
mosterdsaus,1
champignonpaté,1
amandel,1
meergranen rijst,1
spianata romana,1
vlierbloesemtonic,1
paddestoelenmelange,1
yellow mustard mild,1
aardbeiensorbetijs,1
satésaus ketjap,1
pitloze druiven,1
romige kokosmelk,1
pure hagelslag,1
tuinboontjes,1
blauwe bes/framboos,1
mix voor bami goreng,1
chocoladelepel,1
schelpjespasta,1
amandelen met zeezout en rozemarijn,1
geraspte belegen geitenkaas,1
kletskop,1
sardinerolletjes,1
chocoladeschrijfstiften,1
gekookte pasta,1
gekruide worstjes,1
pannenkoekmix,1
rode paprika's,1
bosbessenjam,1
parrano snippers,1
aardbeienlikeur,1
Hollandse wokgroente,1
aardappelpuree met bieslook en crème fraîche,1
makreelfilet naturel,1
hete espressokoffie,1
viergranen muesli,1
rock chives,1
croissantdeeg,1
Parmezaanse-kaasflakes,1
pomodoritomaten,1
Macadamia Nut Brittle,1
dolma's,1
geschaafde Parmezaanse kaas,1
Kalamata-olijven zonder pit,1
zonnepitbrood,1
kersen zonder pit op siroop,1
carambola,1
varkensfiletlapjes à la minute,1
zoete kleine appel,1
hagelslagmix,1
warmgerookte zalmblokjes,1
kwark,1
gedroogde tomaatjes,1
meergranen boulogne stokbrood,1
Marokkaanse,1
bruine meergranenvloerkadetten,1
snackkomkommer,1
zandbodem,1
mosterd-dilledressing,1
gemengde salade,1
Toscaanse carré,1
rijstwafel,1
Grana Padano pittig kaasschaafsel,1
sardines,1
Smarties mini,1
gemalen jonge Goudse kaas,1
groene of zwarte olijven zonder pit,1
tonijn in kruidendressing,1
tuinkruidenbouillontabletten,1
zeezout grof,1
Parmigiano Reggiano poeder,1
pastasaus napolitana,1
geraspte extra belegen kaas,1
M minis,1
krab,1
minipitabroodje,1
gedroogde cranberry?s,1
grof gemalen zwarte peper,1
minicervelaatworstjes naturel,1
tomatenmix,1
pindamix,1
culinaire rosbief,1
Japanse mayonaise,1
nasimix,1
AH grote garnalen,1
"minigroente van de maand haricots verts, aspergebroccoli, minimaiskolfjes, rode peper",1
ambachtelijke zeezoutchips,1
Brabantse boterhamworst of Woenselse berliner,1
Blue Stilton,1
tuinkruidensaus,1
tor­tel­lo­ni con for­mag­gio e no­ci,1
groentemix,1
gesneden uien,1
basilicumolie,1
gekookte bietjes,1
olijfolie knoflook chilipeper,1
zalmmoten,1
tafelaardappels,1
besciamellasaus,1
gemengde groenten van het seizoen,1
paprikasalade,1
augurkjes,1
rauwe bieten,1
dragee-eitjes hard,1
Chinese mie,1
lardo Italiaans spek,1
pittige cornichon,1
bladselderij,1
Indiase currypasta,1
piment,1
magere varkenslappen,1
Meer Fruit Minder Suiker Aardbei,1
aardappelpuree voor stamppot,1
tortelloni alla verdure,1
ansjovisboter tube,1
Indiase korma curry saus,1
yoghurtmayonaise,1
tomatensoep,1
fijne soepgroente,1
aardappelblokjes,1
biogarde roer,1
Thüringer bratwurst,1
roomkaas met knoflook,1
decoratiestift pure chocola,1
verfijnde ongezouten cashewnoten,1
ambachtelijk stokbrood,1
demerarasuiker of rietsuiker,1
meerzadenbrood,1
semi-gedroogde tomaten,1
Kaapse goudbessen,1
gewelde pruimen,1
gezouten pecannoten,1
sherry PX,1
gedroogde basilicum,1
kastanjechampignon,1
mini-loempia kip,1
paprika,1
geraspte Grana Padano,1
geroosterde hazelnoten,1
gegrilde spareribs,1
Warninks Almond dream,1
zachte roomboter,1
pinda satésaus,1
zout en versgemalen zwarte peper,1
geraspte oude Goudse kaas 48+,1
groentesaus kaas,1
uienpoeder,1
chocoladestaafjes,1
gezouten roomboter,1
olijfolie citroen,1
ouzo,1
minimaiskolfjes,1
reepje pure chocolade,1
rauwe en gepelde roze garnalen,1
zongedroogde tomatentapenade,1
tofu naturel,1
sorbetijs mango,1
kalkoenfilet à la minute,1
thousand islands sladressing,1
chocoglazuur,1
herfstbok,1
worteltortilla,1
eikenbladsla melange,1
pindapepsel,1
granola,1
agaragar,1
wasabipasta,1
chili seasoning mix,1
wok essentials teriyaki,1
tabasco red peppersauce,1
citroenrasp,1
droge sherry,1
gerookte magere spekblokjes,1
tricolor kluitsla,1
zalmhaas,1
pindakaas met stukjes noot,1
henneppoeder,1
baharat,1
wilde roze zalm,1
rösties,1
shoarmabroodje,1
kaneelsuiker,1
knispers chocolademix,1
kruidenazijn,1
whisky,1
lasagne all’uovo,1
melkwitte bakkerspunten,1
champignonroerbakmix,1
nougatine,1
anijscress,1
mix voor tjaptjoi,1
oranje paprika,1
thousand Island-dressing,1
tomtrostomaat,1
olijfolie truffelaroma,1
vijgenbrood,1
coquilles met citroenboter,1
partysticks zoetzuur,1
glittersuiker,1
donker roggebrood,1
La Trappe Isid' or,1
bruschetta's,1
sugo piccante,1
aardappelgratin naturel,1
Hollandse blauwaderkaas,1
tuinkruidensoepgroenten,1
woksaus ginger,1
sardines in olie,1
gemarineerde varkensribeyes,1
zalmcarpaccio,1
avocadodressing,1
Frans stokbrood,1
choco-koekrolletjes,1
runderknakworstjes,1
olijfolie extra vierge met citroenaroma,1
Kaapse goudbes,1
Spaanse clementine mandarijnensap,1
pompoenpitolie,1
zilveruitjes zoetzuur,1
rijstwijn,1
passiefruitsorbetijs,1
pils,1
grofvolkorenbrood,1
hertencarpaccio,1
Cointreau,1
saladbar Caesar salade,1
gerookte scharrelkipfilet,1
boerenkaas,1
partybroodjes,1
takje tijm,1
witte kaas met olijven en knoflook in olie,1
korianderzaadjes,1
"bloemkoo,l",1
granaatappel,1
boemboe voor bahmi goreng,1
ansjovisfilets in olijfolie,1
pizzasaus aromatizzata,1
fijne tuinbonen,1
versgemalen koffie,1
kabeljauwfilet of -haasjes,1
gesneden ijsbergsla,1
sweet woksaus,1
srirachasaus,1
witte bollen,1
Indonesische,1
citroenolie,1
Italiaanse kruidenolie,1
zoete,1
pinda's ongezouten,1
tobasco,1
aardappels,1
makreelfilet in tomatensaus,1
vega groenteballetjes,1
kookzuivel,1
milde vanilleyoghurt,1
Aardappel Anders bacon ui,1
vrije uitloop ei,1
Limburgse mosterd,1
4-seizoenen peperkorrels,1
hagelmix,1
gemengde rocket slamelange,1
geurloze kokosolie,1
peen,1
cornichons,1
roodschillige aardappelschijfjes,1
gekookte rode bietjes,1
mayo,1
varkenshaasje,1
Aardappel Anders kruiden knoflook,1
4 seizoenen peper,1
kipfilet fumé,1
Parmazaanse kaas,1
tomaat-mascarponesaus,1
yoghurtijs,1
Hollandaisesaus,1
knispers,1
kerrie-ananassaus,1
tomberry,1
bagels,1
boemboe voor bami goreng,1
grano padano kaas,1
Chinese roerbaksaus zoetzuur,1
bosfruitijsje,1
meergranen vloerkadetten,1
mousserende rose,1
kiwi's,1
Pecorino Romano 47+,1
Italiaanse wokgroente,1
citroenschil,1
Italiaanse roerbakgroente courgette,1
extra jam,1
ambachtelijke mayonaise,1
gekookte en gepelde garnalen,1
olijfolie met witte truffelextract,1
Zaanlander kaas pikant,1
sukade,1
bruine pistolet,1
gewelde abrikozen,1
hummus naturel,1
mix voor tarly,1
gevriesdroogde dille,1
Bettine chevre frais,1
chipolataworstjes,1
Tabasco chipotle,1
grove havermoutvlokken,1
zuurkool,1
chimichurri,1
gerookte kipfilets,1
hazelnootlikeur,1
bergjes veldsla,1
jambon d'Ardennes,1
Ardenner kiprollade,1
volkoren beschuiten,1
mosterd-honingsaus,1
Roerbaksaus Kokos-Ananas,1
pappardelle pasta,1
zeezoutboter,1
"mix gojibes, incabes, moerbei en cranberry",1
Martini Bianco,1
pastis,1
droge vermout,1
vastkokende aardappels,1
Thaise groentenmix,1
broccolirijst,1
hazelnootpasta,1
pittige salsadip,1
kruidenmix voor kip,1
krabsalade,1
tortillachipsnacho cheese of naturel,1
ontbijtkoek,1
witte pistolet,1
pain céréales,1
rode curry pasta,1
Alpro Soya cuisine,1
volkorenspaghetti,1
belegen geitenkaas,1
scharrelvarkenshaas,1
halvarine,1
fruitspread aardbei,1
pitloze,1
kabeljauwhaasjes,1
zachte geitenkaas 55+,1
halfgedroogde zontomaatjes,1
olie of vet om te frituren,1
grote witlof,1
choco’s pinda,1
tomatensoep basilicum,1
goudsalami,1
biefstukpuntjes,1
Deense blauwaderkaas,1
fijne mosterd,1
ananasstukjes op eigen sap,1
olijven,1
hamburgers,1
kerstballen hagelmix,1
gerookte lardons spekreepjes,1
balade solight vloeibaar,1
gesneden snijbonen,1
olijfolie-vinaigrette,1
tonijnmoot in olijfolie,1
Serranoham,1
macadamianoten,1
vloeibare vleesbouillon,1
friszoete en aromatische appel,1
frituurvet of olie,1
boter om te bakken,1
prosciutto crudo,1
vleesbouillontabletten,1
kruidenbouillon,1
kruidenmix voor boerenkool,1
lemongrass chili,1
komkommersalade,1
pestosaus,1
grote kruimige aardappel,1
romaine sla,1
geschrapte worteltjes,1
passata,1
postelein,1
ananasstukjes op siroop,1
ongebrande amandelen,1
honing mosterd sladressing,1
mix voor roerbakmie,1
tarwegraspoeder,1
focaccia,1
medjouldadels zonder pit,1
versgemalen vierseizoenenpeper,1
chocoladecake,1
gestampte muisjes,1
scholfilets,1
stoofpeertjes,1
baguettes brood,1
curry ketchup,1
hutspotgroenten,1
krieltjes met schil,1
kipfilethaasje,1
mandarijndressing,1
raita,1
Mikado king choco,1
vinaigrette de dijon,1
mosselen in pikante saus,1
bruine harde bolletjes,1
daikonkers,1
visfilet met tuinkruidenmarinade,1
bosvruchtensiroop,1
kippenbouillontabletten,1
perssinaasappel,1
citroenolijfolie,1
panklare snijbonen,1
shii-takepaddestoelen,1
mezzi rigatoni,1
sushi norivel zeewier,1
rode cherry-potatoes,1
Campina vanillevla,1
roombotercake,1
champignonroomsaus,1
fijngeknipte peterselie,1
varkensbraadworst,1
ambachtelijke pannenkoeken naturel,1
gruyère kaas,1
pepersaus,1
honing-tijmdressing,1
tapenade van gedroogde tomaatjes,1
roomkaas light knoflook fijne kruiden,1
bouillon met rundvlees,1
gegrilde rode paprika's,1
tortillawraps meergranen,1
gemalen chili,1
jus met uitjes,1
pepernoten,1
saucijsjes,1
kwark aardbei 0% vet,1
zalmmoot,1
Indonesische carré,1
abrikozencompote,1
wok essentials ketjap-sesam,1
komkommerrauwkost in romige dressing,1
fijngehakte peterselie,1
oude boerenkaas,1
kaasfondue,1
gevulde filets provençal,1
visbouillon van tablet,1
slakken,1
herfstsalade,1
Leffe blond,1
koolraap in blokjes,1
poedersuiker uit strooibus,1
gember op siroop,1
kabeljauw,1
kruimige aardappels,1
carpaccio,1
appel-abrikozencompote,1
gyrosvleesreepjes,1
gemalen citroengras,1
rauwkost radijsmix,1
Coburger rauwe ham,1
Vifit drinkyoghurt naturel,1
veldsla of waterkers,1
rode bieten,1
"vossenbessen-, veenbessen-, bramen- of zwartebessenjam",1
roomkaas knoflook,1
kipreepjes gerookt,1
maplesyrup,1
sperziebonen zeer fijn,1
varkenshaas,1
dressing,1
nuggets,1
wijnzuurkool,1
twijfelaar,1
gegaarde kipfilet,1
saladespecialiteit gerookte kip,1
naanbroodjes koriander-knoflook,1
Ben Jerry's Cinnamon Buns ijs,1
Griekse yoghurt 10%,1
Moscato d'Asti of champagne demi-sec,1
yellow fin sole visfilets,1
Aziatische wokgroente,1
salsa hot,1
frietaardappelen of kruimige aardappelen,1
Piggy Mix BBQ Rub,1
perfect ceylon tea,1
geraspte kaas voor pizza,1
honing-mosterdsaus,1
Fiësta-mix voor dipsaus,1
zwarte bonen,1
kokosroom,1
tahina,1
Tasty Tom trostomaten,1
gemengde ijsbergsla extra,1
haring in mosterddressing,1
ontbijtgranen met honing,1
friszoete stoofpeertjes met kaneel,1
zalm op de huid,1
geitenkaas Bettinne blanc,1
komijnzaad,1
tropische fruitcocktail op siroop,1
rode rolfondant,1
witte visfilet,1
room,1
crema van zwarte olijven,1
chèvres doux 45+,1
braadworst,1
broccoli-courgettesoep,1
reuzenbonen,1
bos peen,1
gerookte sandwich zalmplakken,1
dille vriesdroog,1
lamslapjes,1
ananasschijven op sap,1
maiskolven,1
bosvruchten,1
zoete pepertjes,1
kipkarbonades,1
kruidenolie eekhoorntjesbrood truffels,1
gemengde jonge bladsla met spinazie,1
Mexican homemade salsa,1
curry madras,1
gesneden paksoi,1
smeerkaas,1
peren,1
groenteburger,1
spinata romana,1
dadels,1
honing-mosterdsladressing,1
pompoenhummus,1
snackradijs,1
kweeperenconfiture,1
geroosterde gele paprika's,1
manchego,1
kapperappeltje,1
bieslooksaus,1
ijskoud water,1
druivendressing,1
balsamic pearls,1
rode pepersaus,1
bakkersbol licht meerzaden,1
"bladerdeeg, bodem voor hartige taart",1
Witte wijnazijn,1
hot currypoeder,1
limabonen,1
ananas chunks,1
chocolate chip cookies melk/puur/wit,1
Spaanse zoete tomatenpasta,1
knip wit,1
pannenkoeken kant-en-klaar,1
sherry medium dry,1
peren-appelstroop,1
polenta,1
vegetarische schnitzel,1
vierseizoenenpeperkorrels,1
Brabantse bourgondische rib,1
mineraalwater,1
zeewolf,1
sinaasappels,1
mosterdmayonaise,1
gesneden rode kool,1
zoute stix,1
bruisend bronwater,1
panini,1
olijfolie met truffel,1
Pain de Madeleine maisbrood,1
witte kaas Griekse,1
kaiserbroodje,1
amandelspijs,1
"ananas, mango en passievrucht",1
gekruide minikrieltjes,1
mousserende droge witte wijn,1
kippenragout,1
fijne kruiden,1
tapenade zontomaatjes,1
grofgemalen zeezout,1
tarwebloem,1
pangaschnitzels,1
woksaus Ginger Garlic,1
chocolade ijscup,1
thai red curry,1
vegetarische braadworsten,1
haring in Aziatische dressing,1
lamsbout zonder been,1
kruidenboterkruiden,1
Italiaanse kaasvlokken,1
jonge bladsla met veldsla,1
spekblokjes,1
citroenmayonaise,1
champignon roerbakmix,1
Spa rood,1
limonadesiroop,1
slafris naturel,1
knolselderij,1
babybietjes milde azijn,1
groentechips,1
haring,1
"bruine kandijsuiker, fijn",1
witte chocolade met crisped rice,1
kokos-rijstmelk,1
sinaasappellimonadesiroop,1
pecorino kaas,1
sushi set,1
wokgarnalen,1
doosjevol ananas,1
jong belegen kaas 50+,1
chilibonen,1
bonenschotel,1
Indonesische satésaus,1
boeren belegen kaas,1
pikante pepers mild,1
panko breadcrumbs,1
komijn djinten,1
olijfolie met,1
chocoladehulstblaadjes wit,1
gerookte achterham,1
pindakaas karamel-zeezout,1
honing mosterd saus,1
boemboe,1
woksaus zoete soja,1
vet spek,1
speculaasijs,1
snelkookrijst,1
rode druivensap,1
rijstvel,1
mustard cress,1
bruine rum,1
gerookte boerenachterham,1
vegetarische worstjes met Italiaanse kruiden,1
grote naan,1
perline,1
Hollandse rundergehaktballetjes,1
"droge vermout bijv. Noilly Prat, slijter",1
cremaceto balsamico,1
linguine,1
speklapje,1
zoete-aardappelpuree,1
dressing komkommer-bieslook,1
trappistenbier dubbel,1
Aquarius blueberry,1
koolzuurhoudend mineraalwater,1
vloerkadet,1
witte kool,1
mini-mozzarella bolletjes,1
peper en zout,1
lamscarpaccio,1
witte,1
courgette spaghetti,1
Griekse rondo's,1
luxe minibroodjes,1
Indonesische rendangsaus,1
majoraan,1
7-up,1
zilvervliesrijst,1
frietaardappelen,1
smeerkaas met sambal,1
gemalen kardemomvruchten,1
honny cress,1
raclettekaas,1
gebroken rozemarijn,1
chocolade glazuur,1
culinaire beenham,1
zoutwater spring-krabbetjes,1
olijfolie om in te vetten,1
curryketchup,1
jellypudding aardbei,1
gekookte wijnzuurkool,1
Javaanse pinda-satésaus,1
jalapeñopeper,1
soepstengels met sesam,1
groentepasta met wortelen,1
kip,1
rauwkost zoetepaprikamix,1
halve perziken op siroop,1
rodebessensap,1
juspoeder mosterd,1
kruidengemak basilicum,1
panklare Hollandse gehaktballetjes,1
manzanilla sherry,1
iets kruimige aardappelen,1
pinda's gezouten,1
meringues*,1
zure matten,1
pastasaus sugo basilicum,1
Provençaals gekruide runderreepjes,1
zalmfilet aan een stuk,1
rode kool,1
gruyère,1
tarly,1
miehoen,1
rijpe banaan,1
zwarteolijvenplakjes,1
handsinaasappel,1
sinaasappeljam,1
Safari,1
formaggio da pasta,1
sorbetijs,1
rauwkost bleekselderij-appel,1
tortillachips nacho cheese,1
minibuffelmozzarella,1
bloemkool,1
boontjesmix,1
likeur,1
gesneden boerenkool,1
rijsttafelmix,1
gerookte kipfiletplakjes,1
alpro op te kloppen,1
jamon serrano,1
geraspte emmentaler,1
smeltkaas met cheddar,1
mix voor spaghetti con fungi,1
tacosaus hot,1
tuinkruidenbouillontablet,1
patrijs,1
rijsttoast,1
kogelbiefstukken,1
Chonelly biscuits walnoot-butterscotch,1
zoetzuur augurkenplakje,1
Franse,1
sardines in olijfolie,1
choco's pinda,1
boemboe rendang vlees,1
lauwwarm water,1
baby leaves,1
barbecuesaus,1
kiwi,1
fijngesneden ijsbergsla,1
boemboe voor ajam paniki,1
knabbelspek,1
runderpastrami,1
ciabatta's,1
honey granola,1
chocoladeglazuur,1
mon chou,1
roerbakmix,1
vruchtenlimonade cassis,1
kaasburgers,1
Chaource 50+,1
gemalen kurkuma koenjit,1
tonijn in zonnebloemolie,1
halloumi 43+,1
kokossnippers,1
worteljulienne,1
pizzasaus,1
rösti,1
krulvermicelli,1
steak grillsaus,1
koude champagne of mousserende witte wijn,1
basisbouillon,1
fougasse de boulogne,1
rode portsaus,1
crema van zongedroogde tomaten,1
crunchy muesli,1
gesneden Bretonse ham,1
harde zoete kleurendropstaafjes,1
rondeeleieren,1
zwarte olijven kalamata,1
scharrelei,1
ingelegde gember,1
sorbetijs bosvruchten,1
naturel schuimpjes,1
zeewiersalade,1
pannenkoeken naturel,1
kruiden-knoflookroomkaas,1
Griekse stijl yoghurt,1
volle Franse kwark,1
vinaigrette basilico,1
superfruit en pitten,1
jalapeñoplakjes,1
panini's,1
boeren volkorenbrood met sesam,1
Afrikaanse braaiworsten,1
stevig donker meergranenbrood,1
Chinese sojasaus,1
zeeaster*,1
blue stilton,1
witte asperges,1
gegrilde yorkham,1
appelcider,1
rozemarijnnaaldjes,1
ongesneden brood,1
bewust light olijfolie,1
abdijkaas,1
gebraden gehakt,1
decoratiestift choco,1
sa­la­debol­le­tjes gei­ten­kaas na­tu­rel,1
boerencakemeel,1
wit casinobrood,1
wilde zalmcarpaccio,1
cranberrysap,1
pastasaus tomaat-mascarpone,1
cider of appelsap,1
gekleurde zachte parels,1
Italiaanse roerbakmix,1
ongezouten gemengde noten,1
rode linzen,1
grenadine vruchtenlimonadesiroop,1
gemarineerde kookolijven,1
bruine bol,1
granaatappels,1
kousenband,1
coppa di parma,1
geroosterde gezouten notenmix pistache,1
gemberjam,1
olijfolie met witte truffelaroma,1
Zweedse gehaktballetjes,1
steaks tartaar,1
aardappelsalade,1
zachte boter,1
gemengde friseesla,1
Belgische mayonaise,1
gekruide A-partjes in schil,1
chocoladesaus,1
geraspte pizzakaas,1
appelazijn,1
extra bittere chocolade,1
artisjokken,1
volkoren spaghetti,1
bacon plakjes,1
meergranenbrood,1
bruine kandijsuiker,1
Thai crackers,1
evt. sprietjes bieslook,1
chaumes-kaas,1
oranjemarmelade,1
moerbeien,1
sugo met kruiden,1
filetlapjes,1
carambasaus,1
bananenchips,1
"gekleurde peperkorrels, gemalen",1
geraspte mozzarella,1
kokoswater,1
IPA bier,1
chocoknispers,1
zigeunerschnitzels,1
gedroogde pasta,1
taart vlaaifruit kersen,1
geschaafde Pecorino Romano kaas,1
honing-tijmdressing*,1
spinaziesla,1
gegrilde mandarijnhelft,1
kaas geraspt,1
maatjesharing,1
sinaasappel-chili dressing,1
frituurolie of vet om in te frituren,1
creme fraiche,1
mix voor groentesaus milde kerrie,1
nasi/bami groentemix,1
gemalen Goudse oude kaas 48+,1
kersen winegums,1
kaas plateau mild,1
vlaaivulling,1
little gem sla,1
yoghurt-bieslookdressing,1
erwtensoepgroente,1
sinaasappel-gembermarmelade,1
zout en versgemalen peper,1
semola,1
donkerbruine basterdsuiker,1
atjar,1
mix voor bami speciaal,1
oranjebloesem schenkhoning,1
vijf kruidenpoeder,1
amandelmelk,1
Ardennerpaté,1
varkenssaucijs,1
maïscrackers,1
nacho chips naturel,1
mayonaise met yoghurt,1
Nutella,1
bloemkoolroosjes,1
oven roasted pinda's,1
pekelborst,1
aardappelrösties,1
cacaonibs,1
hüttenkäse bieslook-peterselie,1
vijgen en zaden flatbreads,1
sardines in water,1
shoarmakruiden,1
rode druiven,1
countrykoekjes,1
gepaneerde filets,1
tomatenbouillon,1
Mentos minis,1
wortel zoetzuur,1
meringue vanille en aardbei*,1
gemalen piment,1
klop-fix,1
krokante muesli vruchten en noten,1
Mexicaanse salsa,1
knoflookcroutons,1
chocolade roomijs,1
eendenborsten,1
tonijn in water,1
dessertsaus aardbeien,1
kleine aardbei,1
citroensap of fruitlikeur bijv. crème de cassis,1
cranberrypaté,1
lamsfilet,1
belegen Goudse kaas,1
mix voor spaghetti bolognese,1
roomyoghurt aardbei,1
Grana Pardano,1
geroosterde rode paprika's,1
Griekse salade,1
hertenbiefstuk,1
lichtbruin brood,1
koelverse pandanrijst,1
imitatiekaviaar,1
halvanaise,1
gemalen chilipeper,1
kalkoenbiefstuk,1
Hollands,1
koude boter of margarine,1
friszoete appels,1
opgeklopte slagroom,1
sjalotje,1
versgezette sterke koffie,1
veldertjes,1
vegetarische,1
stoomgroenten,1
kruidenolie peterselie-knoflook,1
olijfolie extra vierge met truffelaroma,1
lijnzaadolie,1
el za'atar,1
zoute kaasstengel,1
cognac of vieux,1
cocktailaugurken,1
jeneverbes,1
luxe traiteur cups,1
gerookte eendenborstplakjes,1
krulsla melange,1
suikerwafels,1
semigedroogde tomaten,1
mango-limoen-meloen siroop,1
sladressing honing/mosterd,1
gedroogde dille topjes,1
hete espresso,1
cannellinibonen,1
ongezouten amandelen,1
gebakken kibbeling,1
jong belegen geitenkaas,1
zeevruchten,1
rodewijnazijnvinaigrette,1
pistolet,1
tonijnmoot in water,1
blauwaderkaasblokjes 50+,1
meergranen pistolet,1
"bonenmix kidney, bruine witte bonen",1
grove mosterd om te besmeren,1
chili,1
tartufosaus,1
tapenade zontomaat,1
bospeentje,1
varkensrollade,1
tartare saus,1
eiwitten,1
vloeibare margarine,1
rode kool met appel,1
gedroogde peterselie,1
soja-sesam-gemberdressing,1
groene asperges,1
sugar snaps,1
dukkah,1
1 minuut witte rijst,1
olijvonaise,1
"Goudse belegen kaas 48+, geraspt",1
halfvolle kwark,1
Italiaanse pesto-dressing,1
groene appel,1
gezouten chips,1
cacao,1
cassavekroepoek,1
tomatensalsa,1
oesterpakket 12 stuks,1
gesneden champignons,1
gemberbolletje,1
hotdogbroodjes,1
woknoedels,1
aïoli,1
komkommerrauwkost,1
spaghettini,1
decoratiebloemetjes,1
falafel,1
klein stokbrood,1
romige aspergesoep,1
Mexicaanse taco kruiden,1
zongerijpte taggia olijven,1
mandarijnen- of sinaasappellikeur,1
sparkling rosé,1
wilde en witte rijst,1
cake,1
Pain de Mediterrane,1
vadouvan-vinaigrette,1
speculaas of bastognekoek,1
olie of boter,1
zuivelspread bieslook,1
ovenroasted amandelen,1
sugo isolana pastasaus,1
slank- of slagroom,1
meergranen vloerbrood,1
witte port,1
Munster,1
Appletiser,1
geraspte jong belegen 30+ kaas,1
abrikozen op appelsap,1
zalm saladefakes naturel,1
grappa,1
aardappelmix,1
ongezouten pecannoten,1
Manchegokaas,1
zoute ketjap,1
choco jumborozijnen,1
visburgers of -schnitzels,1
kruidenkaas knoflook fijne kruiden,1
wijnazijn,1
wok essentials sweet sour,1
boerensoepgroenten,1
kalfsentrecotes,1
aardbeienlimonadesiroop,1
zalmfilet op de huid,1
witte amandelen,1
biefstukjes,1
roomsaus,1
tacoschelp,1
cookie dough ijs,1
gepelde walnoten,1
rinse appelstroop,1
wasabirucola,1
pomodorini mozzarella-saus,1
pastasaus met kruiden,1
kruidenroomkaas,1
AH basis groentesaus gegrilde groenten,1
ambachtelijke makreel,1
forelkaviaar,1
soepballetjes,1
pitabroodjes,1
Vlaamse frites,1
gemengde kruiden,1
witte mini-marshmallow,1
Tandoori currysaus,1
smeerbare roomboter,1
Japanse wokgroente,1
mayonaise met olijfolie,1
zachte parel zilver,1
minimozzarella,1
manna plofrijst,1
Mozzarella di Bufala,1
eiersalade,1
tapenade van truffel en champignons,1
saladecroutons naturel,1
extra jam kers,1
Turkse yoghurt,1
honingmosterd sladressing,1
bittere chocolade,1
saladecroutons knoflook,1
blanke marsepein,1
katjang,1
woksaus knoflook koriander,1
makreelfilets in zonnebloemolie,1
dressing yogomix,1
ratatouillepakket,1
tutti frutti,1
vegetarische groenteballetjes,1
gegrilde stukjes,1
strooigoed,1
gedroogde Italiaanse keukenkruiden,1
"stoomgroenten kastanjechampignons, sugar snaps, wortel, rode ui",1
appelchips,1
creamy guacamole,1
AH basis groentesaus tomaat-wortel,1
ijsbergsla met frisée,1
limonadesiroop sinaasappel,1
stroganoffsaus,1
panklare sperziebonen,1
vis-dillesaus,1
Groninger mosterd,1
walnoten-,1
rauwkost pittig,1
tuinkruiden sladressing,1
wokzalmreepjes peper zout,1
koekjes,1
rode bieten schijven zoetzuur,1
Katjang pedis,1
confetti,1
croutinos walnoot/ kruiden,1
kipfilet à la minute kerrie,1
rijkgevulde ongezouten elitehaver,1
sperziebonen gebroken,1
peer,1
buffelmozzarella mini,1
groene olijven met piment,1
Vacherin Mont d'Or,1
krokante garnalen,1
kipfilet Kentucky à la minute,1
ananasschijven,1
reepje melkchocolade,1
pepermix sinaasappel citroen-knoflook,1
Parijse worteltjes,1
ravioli,1
chocolade mokkaboontjes,1
sojadrink vanille,1
M's crispy,1
minigourmetwrap,1
Thaise zoete chilisaus,1
roerbaktofu pittig gekruid,1
dressing mango/gember,1
pesto limone,1
gerookte pepermakreel,1
gehaktballetjes,1
rode wijnazijn,1
roasted cashews en almonds,1
knoflookolijven zonder pit,1
AH basis groentesaus paprika,1
black eyed bonen,1
physalis,1
vanilleyoghurt,1
medium sherry,1
gedroogd fruit cranberry/ abrikoos/ mango,1
gourmet brie,1
Indiase,1
lamsbiefstuk,1
frisdrank lemon-lime,1
vers falafeldeeg,1
dipsaus,1
gemalen kurkuma,1
Spaanse reuzenbonen,1
slaverrijker geroosterde pijnboompitten,1
kalkoenfilet,1
boerenachterham,1
Marokkaanse couscous,1
entrecotes,1
gekruide kipkluifjes,1
zoetstof in poedervorm,1
gesneden prei,1
panklare spitskool,1
vleesbouillontablet,1
Indiase kerriesaus Tikka Masala,1
poedersuiker om te bestrooien,1
ribeyesteaks,1
Schotse zalmfilet,1
petit pains,1
-verse basilicum,1
Friese nagelkaas,1
gemalen geitenkaas,1
gemarineerde speklapjes à la minute,1
geitenyoghurt,1
arrabbiata pesto,1
gebraden roomham,1
mediterrane pijnboompittenmix,1
verspakket guacamole,1
macaron,1
minicervelaatworst,1
zoetzure appel,1
vierseizoenenpeper,1
salsa,1
rucolapesto,1
chocoladepepernoten,1
lamsburgers,1
schelvis,1
kookvocht,1
Tivall gegrilde stukjes,1
coburgerham,1
vlaaivulling kersen,1
mozarellabolletjes,1
truffeltapenade,1
truffel-paddenstoelentapenade,1
lime,1
salade pittenmix,1
MonChou,1
geraspte,1
kersthagel* zie tip,1
saladbar vinaigrette knoflook tuinkruiden,1
satésaus gadogado,1
Mexicaanse roerbakgroente,1
kaiserbroodje met sesam,1
doosjevol bramen,1
"gezouten cashewnoten a 170 g, AH puur fairtrade",1
chocoladehagel,1
Cantuccinikoekjes,1
,1
